user_id,song_id,count
b80344d063b5ccb3212f76538f3d9e43d87dca9e,2H5CLUmtvo2VHEeWzMtUqW,1
b80344d063b5ccb3212f76538f3d9e43d87dca9e,3SDyS0JhNCxgjS4w6S0MJz,2
b80344d063b5ccb3212f76538f3d9e43d87dca9e,6MAAMZImxcvYhRnxDLTufD,1
b80344d063b5ccb3212f76538f3d9e43d87dca9e,6HXgExFVuE1c3cq9QjFCcU,1
b80344d063b5ccb3212f76538f3d9e43d87dca9e,72DAt9Lbpy9EUS29OzQLob,1
b80344d063b5ccb3212f76538f3d9e43d87dca9e,0he2ViGMUO3ajKTxLOfWVT,2
b80344d063b5ccb3212f76538f3d9e43d87dca9e,2Vc6NJ9PW9gD9q343XFRKx,1
b80344d063b5ccb3212f76538f3d9e43d87dca9e,7pgJBLVz5VmnL7uGHmRj6p,1
b80344d063b5ccb3212f76538f3d9e43d87dca9e,0vSWgAlfpye0WCGeNmuNhy,1
b80344d063b5ccb3212f76538f3d9e43d87dca9e,0VSXnJqQkwuH2ei1nOQ1nu,1
b80344d063b5ccb3212f76538f3d9e43d87dca9e,4jCeguq9rMTlbMmPHuO7S3,1
b80344d063b5ccb3212f76538f3d9e43d87dca9e,6fsypiJHyWmeINsOLC1cos,1
b80344d063b5ccb3212f76538f3d9e43d87dca9e,6fsypiJHyWmeINsOLC1cos,5
b80344d063b5ccb3212f76538f3d9e43d87dca9e,0XfQbq7DaMOmVXgQ71eA6E,1
b80344d063b5ccb3212f76538f3d9e43d87dca9e,0LLeuNBWPOg3XA73yab3PT,1
b80344d063b5ccb3212f76538f3d9e43d87dca9e,37gqBnUAZe8BY8WR56kDNk,1
b80344d063b5ccb3212f76538f3d9e43d87dca9e,2ggqfj97qyiORmXoVFzP5j,1
b80344d063b5ccb3212f76538f3d9e43d87dca9e,7EL7ifncK2PWFYThJjzR25,1
b80344d063b5ccb3212f76538f3d9e43d87dca9e,0QiF3l617bIKVrkBqgdMHE,1
b80344d063b5ccb3212f76538f3d9e43d87dca9e,5o7ZDvfOry1MNhNLBOJulo,1
b80344d063b5ccb3212f76538f3d9e43d87dca9e,1umsRbM7L4ju7rn9aU8Ju6,1
b80344d063b5ccb3212f76538f3d9e43d87dca9e,4SKqOHKYU5pgHr5UiVKiQN,1
b80344d063b5ccb3212f76538f3d9e43d87dca9e,4Ag89Y7qSUrpxcgRtSzSam,1
b80344d063b5ccb3212f76538f3d9e43d87dca9e,28xkYPSP0P5xu5vT6MQfCy,1
b80344d063b5ccb3212f76538f3d9e43d87dca9e,3uE1swbcRp5BrO64UNy6Ex,1
b80344d063b5ccb3212f76538f3d9e43d87dca9e,3KJrwOuqiEwHq6QTreZT61,1
b80344d063b5ccb3212f76538f3d9e43d87dca9e,4irYeuAi87yyGHcI4h9s0x,1
b80344d063b5ccb3212f76538f3d9e43d87dca9e,4QhUXx4ON40TIBrZIlnIke,1
b80344d063b5ccb3212f76538f3d9e43d87dca9e,09320vyX4qHd4GjHIpy5w0,1
b80344d063b5ccb3212f76538f3d9e43d87dca9e,2SZLtfY7dz7NLSxxnvDDis,1
b80344d063b5ccb3212f76538f3d9e43d87dca9e,0KRKqIJPX6LT9v1ZQGbfn7,1
b80344d063b5ccb3212f76538f3d9e43d87dca9e,0jsbEBnXWgHLkvjV49vYVG,1
b80344d063b5ccb3212f76538f3d9e43d87dca9e,0wxwXyrJYHyGUKlBaCIhgp,5
b80344d063b5ccb3212f76538f3d9e43d87dca9e,0vUhboOWxdj97denl4T91p,1
b80344d063b5ccb3212f76538f3d9e43d87dca9e,6xEnbXM1us9fDJy2LC0lru,1
b80344d063b5ccb3212f76538f3d9e43d87dca9e,4ZOxwKHoHlhIZPzucOUVoY,1
b80344d063b5ccb3212f76538f3d9e43d87dca9e,2AoJ1NSLrqfppo6oT5Bqc8,5
b80344d063b5ccb3212f76538f3d9e43d87dca9e,30Q5BsSJBLb9SGm0BtuJj4,1
b80344d063b5ccb3212f76538f3d9e43d87dca9e,3Xi5SYx5pOqte5tLKHEmPb,1
b80344d063b5ccb3212f76538f3d9e43d87dca9e,2bmSQxuradc103RXzvjTkE,1
b80344d063b5ccb3212f76538f3d9e43d87dca9e,2Tu4kHEeIVFn6Re2ybm2lQ,1
b80344d063b5ccb3212f76538f3d9e43d87dca9e,0QVG9r2otIXoWCHyh09SqU,1
b80344d063b5ccb3212f76538f3d9e43d87dca9e,78w3kPqUAwDjADBY3xAGHl,1
b80344d063b5ccb3212f76538f3d9e43d87dca9e,02803el8p3mKqcJzJ3Agpp,1
b80344d063b5ccb3212f76538f3d9e43d87dca9e,5Njf3sGQoxQJqcR4gUbttZ,6
b80344d063b5ccb3212f76538f3d9e43d87dca9e,7BLFY8GsDyUkaARTv0uwKH,1
b80344d063b5ccb3212f76538f3d9e43d87dca9e,2bmjoUqk5ELqted5imBtMd,1
b80344d063b5ccb3212f76538f3d9e43d87dca9e,4Uk53I7Lz6bzctGoyNxf8W,6
b80344d063b5ccb3212f76538f3d9e43d87dca9e,7FoW7q7uZGOHlGi9w5mUxN,2
b80344d063b5ccb3212f76538f3d9e43d87dca9e,6dm3aVYUAfZtdFeLAG6R9F,1
b80344d063b5ccb3212f76538f3d9e43d87dca9e,SONSAEZ12A8C138D7A,1
b80344d063b5ccb3212f76538f3d9e43d87dca9e,SONVJAW12A8C139EFB,1
b80344d063b5ccb3212f76538f3d9e43d87dca9e,SONYTAN12A8C13BF88,1
b80344d063b5ccb3212f76538f3d9e43d87dca9e,5QArbhcHhpW48U4cK3Joj9,5
b80344d063b5ccb3212f76538f3d9e43d87dca9e,SOOGGEX12A58A7DACF,1
b80344d063b5ccb3212f76538f3d9e43d87dca9e,SOOKGRB12A8C13CD66,1
b80344d063b5ccb3212f76538f3d9e43d87dca9e,SOOSIVQ12A6D4F8AE0,1
b80344d063b5ccb3212f76538f3d9e43d87dca9e,SOPBCSY12A6D4F5DC4,1
b80344d063b5ccb3212f76538f3d9e43d87dca9e,SOPCVQE12AC468AF36,1
b80344d063b5ccb3212f76538f3d9e43d87dca9e,SOPZAUC12A58A7DB24,1
b80344d063b5ccb3212f76538f3d9e43d87dca9e,SOQDBOA12A8C13E5E6,1
b80344d063b5ccb3212f76538f3d9e43d87dca9e,SOQEMEN12A8C13BF8B,1
b80344d063b5ccb3212f76538f3d9e43d87dca9e,SOQIVUD12AB01821D2,1
b80344d063b5ccb3212f76538f3d9e43d87dca9e,SOQJLDY12AAF3B456D,1
b80344d063b5ccb3212f76538f3d9e43d87dca9e,SOQLCKR12A81C22440,1
b80344d063b5ccb3212f76538f3d9e43d87dca9e,SOQMUDW12A58A7AF03,1
b80344d063b5ccb3212f76538f3d9e43d87dca9e,SORDDVI12A8C136F53,1
b80344d063b5ccb3212f76538f3d9e43d87dca9e,SORJNVW12A8C13BF90,1
b80344d063b5ccb3212f76538f3d9e43d87dca9e,SORPMYJ12AF729EB90,1
b80344d063b5ccb3212f76538f3d9e43d87dca9e,SORQHCG12A58A7EEBA,1
b80344d063b5ccb3212f76538f3d9e43d87dca9e,SORSAJY12A6D4F7457,1
b80344d063b5ccb3212f76538f3d9e43d87dca9e,SORUFVF12AB018230B,1
b80344d063b5ccb3212f76538f3d9e43d87dca9e,SORWLTW12A670208FA,1
b80344d063b5ccb3212f76538f3d9e43d87dca9e,0kCfKToIFZFQQAaSQHcjRL,2
b80344d063b5ccb3212f76538f3d9e43d87dca9e,SOSYBEV12AB0182933,1
b80344d063b5ccb3212f76538f3d9e43d87dca9e,SOTCPHF12A8C13BF9B,1
b80344d063b5ccb3212f76538f3d9e43d87dca9e,SOTFATN12A6D4FA74D,1
b80344d063b5ccb3212f76538f3d9e43d87dca9e,SOTGVEX12A8C136F82,1
b80344d063b5ccb3212f76538f3d9e43d87dca9e,SOTHMIK12A8C136FA1,1
b80344d063b5ccb3212f76538f3d9e43d87dca9e,SOTLVCL12AB0182D22,1
b80344d063b5ccb3212f76538f3d9e43d87dca9e,SOTRSFZ12A8C142BF6,1
b80344d063b5ccb3212f76538f3d9e43d87dca9e,7tUXZgLbOCvRJ9FBlairoU,2
b80344d063b5ccb3212f76538f3d9e43d87dca9e,SOUKXIN12A8C133C7F,1
b80344d063b5ccb3212f76538f3d9e43d87dca9e,SOUQUBU12AF72A47B3,1
b80344d063b5ccb3212f76538f3d9e43d87dca9e,SOVAJXX12A8AE47D5C,1
b80344d063b5ccb3212f76538f3d9e43d87dca9e,SOVHRGF12A8C13852F,1
b80344d063b5ccb3212f76538f3d9e43d87dca9e,SOVQEYZ12A8C1379D8,1
b80344d063b5ccb3212f76538f3d9e43d87dca9e,SOVYIYI12A8C138D88,1
b80344d063b5ccb3212f76538f3d9e43d87dca9e,SOVZRXZ12A58A77A88,1
b80344d063b5ccb3212f76538f3d9e43d87dca9e,SOWEZSI12A81C21CE6,1
b80344d063b5ccb3212f76538f3d9e43d87dca9e,SOWMHHL12A8C14178E,1
b80344d063b5ccb3212f76538f3d9e43d87dca9e,SOWNDCE12A6D4FB304,1
b80344d063b5ccb3212f76538f3d9e43d87dca9e,SOWQLXP12AF72A08A2,1
b80344d063b5ccb3212f76538f3d9e43d87dca9e,SOWSPUS12AC468BEE3,1
b80344d063b5ccb3212f76538f3d9e43d87dca9e,SOXMIUS12A8C13CD59,1
b80344d063b5ccb3212f76538f3d9e43d87dca9e,SOXRXDG12A8C131DE5,1
b80344d063b5ccb3212f76538f3d9e43d87dca9e,SOXSPON12A6D4F5DC2,1
b80344d063b5ccb3212f76538f3d9e43d87dca9e,SOXZQDE12A8C135833,1
b80344d063b5ccb3212f76538f3d9e43d87dca9e,0FP2R9giDksk3a1GUQLfOz,8
b80344d063b5ccb3212f76538f3d9e43d87dca9e,SOYYWMD12A58A7BCC9,1
b80344d063b5ccb3212f76538f3d9e43d87dca9e,SOZGCUB12A8C133997,1
b80344d063b5ccb3212f76538f3d9e43d87dca9e,SOZOBWN12A8C130999,1
b80344d063b5ccb3212f76538f3d9e43d87dca9e,SOZZHXI12A8C13BF7D,1
85c1f87fea955d09b4bec2e36aee110927aedf9a,3jnTBMdckWNzC7PJV96kQ1,2
85c1f87fea955d09b4bec2e36aee110927aedf9a,SOAUSXX12A8C136188,1
85c1f87fea955d09b4bec2e36aee110927aedf9a,SOBVAHM12A8C13C4CB,1
85c1f87fea955d09b4bec2e36aee110927aedf9a,6dCuGVBOQmVNEbRIDEUHy0,2
85c1f87fea955d09b4bec2e36aee110927aedf9a,05ConZJSdJrCGeurdurJ7m,2
85c1f87fea955d09b4bec2e36aee110927aedf9a,0vWwLLUSleBmyBGmL5GbLv,2
85c1f87fea955d09b4bec2e36aee110927aedf9a,1LpFxoC3TDeUSjU2qp3Iu1,2
85c1f87fea955d09b4bec2e36aee110927aedf9a,3MAfAtD9lKvugbWzaz21LS,3
85c1f87fea955d09b4bec2e36aee110927aedf9a,63biRmMYSLjClGv5arakyn,2
85c1f87fea955d09b4bec2e36aee110927aedf9a,5m5aCXvh8q8fBNcGzneWQt,2
85c1f87fea955d09b4bec2e36aee110927aedf9a,6YhDanPMUpBxzIOB8jlgOG,2
85c1f87fea955d09b4bec2e36aee110927aedf9a,6IBsaKAy1kDhsqDK9niOht,3
85c1f87fea955d09b4bec2e36aee110927aedf9a,0zltCbKuXQlZi0DHEli83W,2
85c1f87fea955d09b4bec2e36aee110927aedf9a,4a9j7bIg4BT9J87pQT7b8j,2
85c1f87fea955d09b4bec2e36aee110927aedf9a,1RlZcBrZ2215I0RIS5ElT0,2
85c1f87fea955d09b4bec2e36aee110927aedf9a,7EuMuKPHTUKw97m0KJHbtx,3
bd4c6e843f00bd476847fb75c47b4fb430a06856,3YmPKPB5B6bfCZYgF0wmiq,2
bd4c6e843f00bd476847fb75c47b4fb430a06856,0hmlUYT2lmy1RfTcejgwvX,2
bd4c6e843f00bd476847fb75c47b4fb430a06856,6xPjbdiUqIqM3uD1B0JA1o,2
8937134734f869debcab8f23d77465b4caaa85df,11eVByVk8tL0JSBFlvan5i,6
8937134734f869debcab8f23d77465b4caaa85df,1Xy9svIXQU6euAlGi7uutt,5
8937134734f869debcab8f23d77465b4caaa85df,7ksRhRXztNfSwm8W7uFq1f,5
8937134734f869debcab8f23d77465b4caaa85df,6IkCht32pbDskKd8NWzWBF,5
8937134734f869debcab8f23d77465b4caaa85df,6kl1qtQXQsFiIWRBK24Cfp,5
8937134734f869debcab8f23d77465b4caaa85df,5Uj6Zy5QoGdEZob7xRUakV,11
8937134734f869debcab8f23d77465b4caaa85df,6oBL8TdQHEO7jeEdqECg37,5
8937134734f869debcab8f23d77465b4caaa85df,3RAMLlYnwk3CObaU4V4RBx,5
8937134734f869debcab8f23d77465b4caaa85df,7m1p5O2UOyQM14DVIZUwGx,5
8937134734f869debcab8f23d77465b4caaa85df,6lsxMdXKFAXZDPe8om1iOI,5
8937134734f869debcab8f23d77465b4caaa85df,0FmrNFYyLLRtIS7XWJPLLk,5
8937134734f869debcab8f23d77465b4caaa85df,6eL1ncVDtQHgSm3E288TS7,15
969cc6fb74e076a68e36a04409cb9d3765757508,27H0ZfxRxOC97n72akzapS,2
969cc6fb74e076a68e36a04409cb9d3765757508,SOAOQFD12A6D4FAAA9,1
969cc6fb74e076a68e36a04409cb9d3765757508,3Bo3lNVQTtZYMCoItX8dKW,9
969cc6fb74e076a68e36a04409cb9d3765757508,40zwfL4MFqa3LN5Cauu70u,2
969cc6fb74e076a68e36a04409cb9d3765757508,SOCFPEA12A6701CD37,1
969cc6fb74e076a68e36a04409cb9d3765757508,SOCFYDV12A8C1406E2,1
969cc6fb74e076a68e36a04409cb9d3765757508,2XT4tF5bnKqmxZi6rxN43d,2
969cc6fb74e076a68e36a04409cb9d3765757508,SOERVXG12A6D4F5583,1
969cc6fb74e076a68e36a04409cb9d3765757508,SOFXZAW12A67ADC90E,1
969cc6fb74e076a68e36a04409cb9d3765757508,2ww1CemCVpqs9sQXO9jfN2,6
969cc6fb74e076a68e36a04409cb9d3765757508,4kBrbBGK0vLW1CihB20Qtq,10
969cc6fb74e076a68e36a04409cb9d3765757508,7Cye3UbCA6UNuDykdCf3AB,8
969cc6fb74e076a68e36a04409cb9d3765757508,35su7ZktjYPHSIUSKlr7XD,2
969cc6fb74e076a68e36a04409cb9d3765757508,7yZBKFxnmoHLJFhAy2BBlo,10
969cc6fb74e076a68e36a04409cb9d3765757508,4mx0eNjjZUyOzfY3I4P9HD,9
969cc6fb74e076a68e36a04409cb9d3765757508,3PcrNUFsSYnkJJNE6roBKl,2
969cc6fb74e076a68e36a04409cb9d3765757508,3NSRowkfL0rYE8S6dfT2G0,1
969cc6fb74e076a68e36a04409cb9d3765757508,1hXn4XPjJ40toZWl2bWYZu,10
969cc6fb74e076a68e36a04409cb9d3765757508,4zIMuGSdbGTahvHB7CloVR,2
4bd88bfb25263a75bbdd467e74018f4ae570e5df,7Cq27Qc3WRyQ3ddwVslpVZ,2
4bd88bfb25263a75bbdd467e74018f4ae570e5df,3STThGLjuFSaoseZvWupmx,6
4bd88bfb25263a75bbdd467e74018f4ae570e5df,3IIArPxV2jUXk2zTKbzCVx,4
4bd88bfb25263a75bbdd467e74018f4ae570e5df,44AH8XwgrebHvQAZJbSrsV,13
4bd88bfb25263a75bbdd467e74018f4ae570e5df,3whnCBcKgmEstjzv3Kxruh,6
4bd88bfb25263a75bbdd467e74018f4ae570e5df,0Z9sJ77J6qKd2HYv32ynUS,4
4bd88bfb25263a75bbdd467e74018f4ae570e5df,25EQ1EYpBTC26cRRoiLsTf,2
4bd88bfb25263a75bbdd467e74018f4ae570e5df,2wf9bp4MkChojtljddWpbO,4
4bd88bfb25263a75bbdd467e74018f4ae570e5df,6Ikh2kZIzZ2GEKpZfrV3D3,3
4bd88bfb25263a75bbdd467e74018f4ae570e5df,1mWYAMktr6Ggh9paVLyc69,3
4bd88bfb25263a75bbdd467e74018f4ae570e5df,6AK1RhuJ2zNxPO15SGtRsf,5
4bd88bfb25263a75bbdd467e74018f4ae570e5df,6Y80EzVMJjFp9Yxy50SN7D,3
4bd88bfb25263a75bbdd467e74018f4ae570e5df,SOWEHOM12A6BD4E09E,1
4bd88bfb25263a75bbdd467e74018f4ae570e5df,3Q241k92c1I5sqKbdw6Ujb,8
4bd88bfb25263a75bbdd467e74018f4ae570e5df,0Tts40MjmgraglRVSaggue,18
4bd88bfb25263a75bbdd467e74018f4ae570e5df,5O7aJIOY5BWvpCkQo23092,12
e006b1a48f466bf59feefed32bec6494495a4436,4MrtFJI2CDTRJs9FXpBdGo,2
e006b1a48f466bf59feefed32bec6494495a4436,3DzuPzpdZtn3oFVZ9gcy0M,2
e006b1a48f466bf59feefed32bec6494495a4436,5ihDGnhQgMA0F0tk9fNLlA,1
e006b1a48f466bf59feefed32bec6494495a4436,6mAz8D1TmlTuef90dbNIiZ,2
e006b1a48f466bf59feefed32bec6494495a4436,6fxWseQSRKOF2nfkGbaJWO,2
e006b1a48f466bf59feefed32bec6494495a4436,694J4C7mBU2dWxQBphFslt,2
e006b1a48f466bf59feefed32bec6494495a4436,5e90dsXJMBw9ndBRiKP1ZA,1
e006b1a48f466bf59feefed32bec6494495a4436,4uVrs1SNb31FknIkIOTF9t,3
e006b1a48f466bf59feefed32bec6494495a4436,11NHApIN2R0DZJDypPYeFJ,4
e006b1a48f466bf59feefed32bec6494495a4436,4SKqOHKYU5pgHr5UiVKiQN,3
e006b1a48f466bf59feefed32bec6494495a4436,2jUav7K1nwfKyVosT94ACA,5
e006b1a48f466bf59feefed32bec6494495a4436,0l2wHmelVoDebG5b3guSp6,1
e006b1a48f466bf59feefed32bec6494495a4436,263xCtrMwyZsXxYcibwNEk,2
e006b1a48f466bf59feefed32bec6494495a4436,SOJFYRR12AB017BF2A,1
e006b1a48f466bf59feefed32bec6494495a4436,15IO0wZKmtlASLBVAv2DbA,2
e006b1a48f466bf59feefed32bec6494495a4436,5bjvEzg9fG68IRMSrkVSot,2
e006b1a48f466bf59feefed32bec6494495a4436,6aksxALGxEL6kOOvITALIm,2
e006b1a48f466bf59feefed32bec6494495a4436,5LuB8k1xvs3cWKTgg7fM6l,2
e006b1a48f466bf59feefed32bec6494495a4436,SORJMZL12A8C13AC49,1
e006b1a48f466bf59feefed32bec6494495a4436,5R2pG7PUaEelpscZrA814W,9
e006b1a48f466bf59feefed32bec6494495a4436,5XGeOySEuf66LxJoVqzfeW,2
e006b1a48f466bf59feefed32bec6494495a4436,32sGRkbE4NdRddOrzo7I8S,1
e006b1a48f466bf59feefed32bec6494495a4436,SOUSMXX12AB0185C24,1
e006b1a48f466bf59feefed32bec6494495a4436,4OcxBd349UIgErVz81V2TY,2
e006b1a48f466bf59feefed32bec6494495a4436,SOVDSJC12A58A7A271,1
e006b1a48f466bf59feefed32bec6494495a4436,7pas6O1LYbaeChEFQBhPFU,3
e006b1a48f466bf59feefed32bec6494495a4436,0ohGsoemsAz6KKsqYaDWVX,3
e006b1a48f466bf59feefed32bec6494495a4436,0mnVrUP1TAoO223C0N2NYI,11
9d6f0ead607ac2a6c2460e4d14fb439a146b7dec,78QR3Wp35dqAhFEc2qAGjE,2
9d6f0ead607ac2a6c2460e4d14fb439a146b7dec,4mIXmsA9lwT7sk8rkrnEFE,2
9d6f0ead607ac2a6c2460e4d14fb439a146b7dec,4MWgP2Q8OetPQlMyGkbPqv,2
9d6f0ead607ac2a6c2460e4d14fb439a146b7dec,6Shhh5DVoTBp9KWV1hsba2,2
9d6f0ead607ac2a6c2460e4d14fb439a146b7dec,18aImFRizYHe2MwD5EDWZh,4
9d6f0ead607ac2a6c2460e4d14fb439a146b7dec,65xzgxTCk4JcmhcHXtt7oL,2
9d6f0ead607ac2a6c2460e4d14fb439a146b7dec,3x5F5wMcutQ4Fluez44tZm,2
9d6f0ead607ac2a6c2460e4d14fb439a146b7dec,1CJzOLz3J4zhXSj3MFOmD5,2
9d6f0ead607ac2a6c2460e4d14fb439a146b7dec,20BSdaBpIUvUv6PUvqJN8l,3
9d6f0ead607ac2a6c2460e4d14fb439a146b7dec,1ttPzkTSpQUFcEGx8bjerL,2
9d6f0ead607ac2a6c2460e4d14fb439a146b7dec,2H5CLUmtvo2VHEeWzMtUqW,1
9bb911319fbc04f01755814cb5edb21df3d1a336,2FTOLKjQUswhpdMFq15Raf,5
9bb911319fbc04f01755814cb5edb21df3d1a336,SOBUJFP12A8C135A9A,1
9bb911319fbc04f01755814cb5edb21df3d1a336,7gHZGXSJzM29WA384suYY2,4
9bb911319fbc04f01755814cb5edb21df3d1a336,7wBJfHzpfI3032CSD7CE2m,2
9bb911319fbc04f01755814cb5edb21df3d1a336,2JuKanDBTFLx1rVuypB8tQ,6
9bb911319fbc04f01755814cb5edb21df3d1a336,0joQFwiBKmi6X1Iq5R1ubH,2
9bb911319fbc04f01755814cb5edb21df3d1a336,0et3KfGLKitEvAnvzIa4X0,3
9bb911319fbc04f01755814cb5edb21df3d1a336,0M52bTppxI3QQxan8ftIsY,6
9bb911319fbc04f01755814cb5edb21df3d1a336,1u6rWB9oU2ngLcidsACqsM,2
9bb911319fbc04f01755814cb5edb21df3d1a336,6PHbWsTTlmQKF9i9VC1KFv,2
9bb911319fbc04f01755814cb5edb21df3d1a336,6dVZCbi9CYtD9LjAHXRjIG,2
9bb911319fbc04f01755814cb5edb21df3d1a336,6REbwUNlppTfcnV4d4ZoZi,16
9bb911319fbc04f01755814cb5edb21df3d1a336,3vCzerngFaftC640dbuh8B,5
9bb911319fbc04f01755814cb5edb21df3d1a336,0rGipWrGwAnZsaVkyiJpap,2
b64cdd1a0bd907e5e00b39e345194768e330d652,09GFuRGVmdfKNuGNcRxEJP,3
b64cdd1a0bd907e5e00b39e345194768e330d652,SOALEQA12A58A77839,1
b64cdd1a0bd907e5e00b39e345194768e330d652,1wJRveJZLSb1rjhnUHQiv6,3
b64cdd1a0bd907e5e00b39e345194768e330d652,SOAQZXK12A6701D993,1
b64cdd1a0bd907e5e00b39e345194768e330d652,SOASIWE12A6701D990,1
b64cdd1a0bd907e5e00b39e345194768e330d652,SOASVIB12A8C139435,1
b64cdd1a0bd907e5e00b39e345194768e330d652,6b4A1mLzePAHGn3XCicLAe,3
b64cdd1a0bd907e5e00b39e345194768e330d652,SOBDKVR12A8C13E705,1
b64cdd1a0bd907e5e00b39e345194768e330d652,14PWHDV87nXiSuClZDsEYC,2
b64cdd1a0bd907e5e00b39e345194768e330d652,1XRgIKC5TPwo7nWGyKqgG0,2
b64cdd1a0bd907e5e00b39e345194768e330d652,5ihDGnhQgMA0F0tk9fNLlA,3
b64cdd1a0bd907e5e00b39e345194768e330d652,SOBIQWH12A8C13BCDE,1
b64cdd1a0bd907e5e00b39e345194768e330d652,1Lv4ZKZZ1obmP0M3l9p9Cz,1
b64cdd1a0bd907e5e00b39e345194768e330d652,SOBKWUG12A58A7CE74,1
b64cdd1a0bd907e5e00b39e345194768e330d652,5lz22ruIyhbvO7Qw2Mt157,2
b64cdd1a0bd907e5e00b39e345194768e330d652,7eBqSVxrzQZtK2mmgRG6lC,2
b64cdd1a0bd907e5e00b39e345194768e330d652,4Q3N4Ct4zCuIHuZ65E3BD4,2
b64cdd1a0bd907e5e00b39e345194768e330d652,4F6yN5FsFW10Ucx7cLCzBh,2
b64cdd1a0bd907e5e00b39e345194768e330d652,SODAQMD12A8C131D57,1
b64cdd1a0bd907e5e00b39e345194768e330d652,2LNMhZ3YijTO7USmqjgJfG,2
b64cdd1a0bd907e5e00b39e345194768e330d652,SOEMYLD12AB017F4DD,1
b64cdd1a0bd907e5e00b39e345194768e330d652,SOENTGU12A8C132E0F,1
b64cdd1a0bd907e5e00b39e345194768e330d652,SOEWJXN12A58A7A53A,1
b64cdd1a0bd907e5e00b39e345194768e330d652,7wcyO1rrH3Ru4t659IjG41,3
b64cdd1a0bd907e5e00b39e345194768e330d652,2MyCT1iCuBUhcO8zbjOyRW,2
b64cdd1a0bd907e5e00b39e345194768e330d652,SOFWANS12AF72A12E6,1
b64cdd1a0bd907e5e00b39e345194768e330d652,SOFXYLJ12A6310D8BC,1
b64cdd1a0bd907e5e00b39e345194768e330d652,SOGEVAT12A67020DD0,1
b64cdd1a0bd907e5e00b39e345194768e330d652,SOGIYND12AB017B10E,1
b64cdd1a0bd907e5e00b39e345194768e330d652,SOGKSLA12AB017F82F,1
b64cdd1a0bd907e5e00b39e345194768e330d652,1T5mVPJE6LilJ7f73L3UDo,3
b64cdd1a0bd907e5e00b39e345194768e330d652,SOGTMYT12A6D4F98D9,1
b64cdd1a0bd907e5e00b39e345194768e330d652,5SFPoL9ujny5ynL1fUYovT,3
b64cdd1a0bd907e5e00b39e345194768e330d652,0oK6aZFtGPCCQ83lChpGO3,3
b64cdd1a0bd907e5e00b39e345194768e330d652,SOHFDJF12A8C136368,1
b64cdd1a0bd907e5e00b39e345194768e330d652,SOHGTIR12A6D4F7162,1
b64cdd1a0bd907e5e00b39e345194768e330d652,SOHHZAZ12A58A7990B,1
b64cdd1a0bd907e5e00b39e345194768e330d652,SOHTBKO12A58A75570,1
b64cdd1a0bd907e5e00b39e345194768e330d652,SOHZUAA12A6701F116,1
b64cdd1a0bd907e5e00b39e345194768e330d652,SOIDSDT12A6D4F98DB,1
b64cdd1a0bd907e5e00b39e345194768e330d652,SOIJLDG12A8C135B96,1
b64cdd1a0bd907e5e00b39e345194768e330d652,7e5WppzulpdTKAQu7uUNch,2
b64cdd1a0bd907e5e00b39e345194768e330d652,1wGnp7ejkCuXRsehXx0PNP,3
b64cdd1a0bd907e5e00b39e345194768e330d652,737gwrDNwTCAwAjy02FSMO,2
b64cdd1a0bd907e5e00b39e345194768e330d652,SOKIKWC12A6D4F98D8,1
b64cdd1a0bd907e5e00b39e345194768e330d652,SOKJQGO12AF72ACA9F,1
b64cdd1a0bd907e5e00b39e345194768e330d652,2wf9bp4MkChojtljddWpbO,1
b64cdd1a0bd907e5e00b39e345194768e330d652,SOKQMNB12A6D4F74FD,1
b64cdd1a0bd907e5e00b39e345194768e330d652,SOLCGMX12AB0185163,1
b64cdd1a0bd907e5e00b39e345194768e330d652,SOLJSEJ12A8C132F61,1
b64cdd1a0bd907e5e00b39e345194768e330d652,3jim1uL1GUDYDZC8iHrxSv,2
b64cdd1a0bd907e5e00b39e345194768e330d652,SOLRFKH12AF72A5CF6,1
b64cdd1a0bd907e5e00b39e345194768e330d652,SOLXDDC12A6701FBFD,1
b64cdd1a0bd907e5e00b39e345194768e330d652,SOMGVYU12A8C1314FF,1
b64cdd1a0bd907e5e00b39e345194768e330d652,4odbaySGxXOgH7ISBUfgvg,3
b64cdd1a0bd907e5e00b39e345194768e330d652,SOMQFYE12A8C138F05,1
b64cdd1a0bd907e5e00b39e345194768e330d652,5LEGgK84dYjrrX4ChqmQ0h,4
b64cdd1a0bd907e5e00b39e345194768e330d652,3CDVMejYHnB1SkEEx0T1N4,2
b64cdd1a0bd907e5e00b39e345194768e330d652,6bVaBrtu7A4LkCw5achPpU,2
b64cdd1a0bd907e5e00b39e345194768e330d652,SONSEBX12AF72AA3ED,1
b64cdd1a0bd907e5e00b39e345194768e330d652,4B8vU5oDXVxO5OkLAI4aLx,2
b64cdd1a0bd907e5e00b39e345194768e330d652,SONYVIX12A6D4F7161,1
b64cdd1a0bd907e5e00b39e345194768e330d652,1zWb0YeEBlvCzsc2QV8yZ1,3
b64cdd1a0bd907e5e00b39e345194768e330d652,SOOBNUD12A6701F2F8,1
b64cdd1a0bd907e5e00b39e345194768e330d652,SOOSADY12A6701F119,1
b64cdd1a0bd907e5e00b39e345194768e330d652,SOOVMCV12A6D4F7167,1
b64cdd1a0bd907e5e00b39e345194768e330d652,5VPovDccXsT3Sjx50ytU1H,1
b64cdd1a0bd907e5e00b39e345194768e330d652,SOPTJQJ12A58A7DA70,1
b64cdd1a0bd907e5e00b39e345194768e330d652,76b6nZKY6wKpyfmmLRlMUX,3
b64cdd1a0bd907e5e00b39e345194768e330d652,SOQQRQZ12A8C1384DE,1
b64cdd1a0bd907e5e00b39e345194768e330d652,SOQXKUV12A6D4FB4C9,1
b64cdd1a0bd907e5e00b39e345194768e330d652,SOQXLEC12A8C13BCEC,1
b64cdd1a0bd907e5e00b39e345194768e330d652,2LymrmdPzZttyG6fNQCuym,2
b64cdd1a0bd907e5e00b39e345194768e330d652,SORNIJC12A8C1384CD,1
b64cdd1a0bd907e5e00b39e345194768e330d652,SOSAGHZ12A8C135BB8,1
b64cdd1a0bd907e5e00b39e345194768e330d652,SOSJTOL12A6D4FB4CD,1
b64cdd1a0bd907e5e00b39e345194768e330d652,SOSMJJQ12A6D4F715D,1
b64cdd1a0bd907e5e00b39e345194768e330d652,6iboZLkJ5dIoX5tj4M7O3Z,2
b64cdd1a0bd907e5e00b39e345194768e330d652,SOSSZCB12A8C1384EF,1
b64cdd1a0bd907e5e00b39e345194768e330d652,SOTHRRH12A8C13DCBA,1
b64cdd1a0bd907e5e00b39e345194768e330d652,SOTIEEP12A6701C779,1
b64cdd1a0bd907e5e00b39e345194768e330d652,2mExAsrNxfZL92C4yft1LY,3
b64cdd1a0bd907e5e00b39e345194768e330d652,4A7geYPVrWlFeZ3L1lnNU0,3
b64cdd1a0bd907e5e00b39e345194768e330d652,6eENZrNRB6N7y7zPzCng86,2
b64cdd1a0bd907e5e00b39e345194768e330d652,SOUBKFT12A6701F07A,1
b64cdd1a0bd907e5e00b39e345194768e330d652,SOUGAYN12A6D4F6E90,1
b64cdd1a0bd907e5e00b39e345194768e330d652,SOUGCDK12AC95F075F,1
b64cdd1a0bd907e5e00b39e345194768e330d652,SOUZRCP12AB0182164,1
b64cdd1a0bd907e5e00b39e345194768e330d652,SOVLCEQ12A6D4F74FF,1
b64cdd1a0bd907e5e00b39e345194768e330d652,SOVLJHG12A81C21AA0,1
b64cdd1a0bd907e5e00b39e345194768e330d652,SOVMCAR12AF72A1268,1
b64cdd1a0bd907e5e00b39e345194768e330d652,29oQlTERHAlTPHEYw5xvZy,2
b64cdd1a0bd907e5e00b39e345194768e330d652,SOVRQIK12A6701F118,1
b64cdd1a0bd907e5e00b39e345194768e330d652,SOVTXNV12A8C13FBD4,1
b64cdd1a0bd907e5e00b39e345194768e330d652,SOWEBRA12A6701F115,1
b64cdd1a0bd907e5e00b39e345194768e330d652,SOWIKKV12AB017E9D6,1
b64cdd1a0bd907e5e00b39e345194768e330d652,SOWSWTD12A67ADA3D7,1
b64cdd1a0bd907e5e00b39e345194768e330d652,SOWUTFF12A8C138AB2,1
b64cdd1a0bd907e5e00b39e345194768e330d652,7EpACeh5ooHUb0AnQ3f3Xl,3
b64cdd1a0bd907e5e00b39e345194768e330d652,SOXGQCN12A8C1384FA,1
b64cdd1a0bd907e5e00b39e345194768e330d652,SOXSDRE12A6D4F8B3A,1
b64cdd1a0bd907e5e00b39e345194768e330d652,2AHEYviKAX6FwnyisbUPPB,2
b64cdd1a0bd907e5e00b39e345194768e330d652,SOXZQDE12A8C135833,1
b64cdd1a0bd907e5e00b39e345194768e330d652,SOYLOZN12AB017CBA0,1
b64cdd1a0bd907e5e00b39e345194768e330d652,SOYSWHI12AAA8C5BFD,1
b64cdd1a0bd907e5e00b39e345194768e330d652,SOYUOVK12AB0185549,1
b64cdd1a0bd907e5e00b39e345194768e330d652,0LHdHYe5ssIheUX5RZw4rN,2
b64cdd1a0bd907e5e00b39e345194768e330d652,2OtwAdheExIIHAIMFJKFE6,2
b64cdd1a0bd907e5e00b39e345194768e330d652,26Ve5CszPwXSoXeL8MVnFh,2
17aa9f6dbdf753831da8f38c71b66b64373de613,SOAARXR12A8C133D15,1
17aa9f6dbdf753831da8f38c71b66b64373de613,SOACPBY12A8C13FEF9,1
17aa9f6dbdf753831da8f38c71b66b64373de613,6pa93LKPuWXAttIxRye3XA,2
17aa9f6dbdf753831da8f38c71b66b64373de613,SOAVIJW12AB018269B,1
17aa9f6dbdf753831da8f38c71b66b64373de613,SOBALYV12A6D4F89BD,1
17aa9f6dbdf753831da8f38c71b66b64373de613,SOBDVAK12AC90759A2,1
17aa9f6dbdf753831da8f38c71b66b64373de613,SOBGMYK12A6D4F6730,1
17aa9f6dbdf753831da8f38c71b66b64373de613,SOBIMTY12A6D4F931F,1
17aa9f6dbdf753831da8f38c71b66b64373de613,SOBKRVG12A8C133269,1
17aa9f6dbdf753831da8f38c71b66b64373de613,SOBUBLL12A58A795A8,1
17aa9f6dbdf753831da8f38c71b66b64373de613,SOBVKFF12A8C137A79,1
17aa9f6dbdf753831da8f38c71b66b64373de613,4xiOxAna6xcZRiEK2tHVBG,2
17aa9f6dbdf753831da8f38c71b66b64373de613,SOCHAXM12AB01876F8,1
17aa9f6dbdf753831da8f38c71b66b64373de613,SOCJQTG12AC9097645,1
17aa9f6dbdf753831da8f38c71b66b64373de613,SOCMEJM12AF72A48D0,1
17aa9f6dbdf753831da8f38c71b66b64373de613,7ma3vkdzL7po7X7F9oJWw9,5
17aa9f6dbdf753831da8f38c71b66b64373de613,7rLEIpe5XUWqEfFN9YiAL9,5
17aa9f6dbdf753831da8f38c71b66b64373de613,1nNcLsIolJGHGc594pCDkO,2
17aa9f6dbdf753831da8f38c71b66b64373de613,2c8MkcfL0xKVZxGNtA2s1H,2
17aa9f6dbdf753831da8f38c71b66b64373de613,SODLRPF12AC909761A,1
17aa9f6dbdf753831da8f38c71b66b64373de613,SODOZXB12A8C13CD55,1
17aa9f6dbdf753831da8f38c71b66b64373de613,SODUANR12A6D4F5036,1
17aa9f6dbdf753831da8f38c71b66b64373de613,SOEBPXF12A8C14295A,1
17aa9f6dbdf753831da8f38c71b66b64373de613,3tLDvT26y2qomgwhw9F0Ek,2
17aa9f6dbdf753831da8f38c71b66b64373de613,SOELOOM12AB017DB4C,1
17aa9f6dbdf753831da8f38c71b66b64373de613,SOEMAIM12AC90759AC,1
17aa9f6dbdf753831da8f38c71b66b64373de613,2NYiHWdioLx4lg7iaXqpPL,5
17aa9f6dbdf753831da8f38c71b66b64373de613,4FU186jmVxCSszXsCR9RNG,2
17aa9f6dbdf753831da8f38c71b66b64373de613,SOEQLJP12AB018FBC5,1
17aa9f6dbdf753831da8f38c71b66b64373de613,SOETRNC12A6D4F8653,1
17aa9f6dbdf753831da8f38c71b66b64373de613,6s6uxv7CciojH76NZ0604z,2
17aa9f6dbdf753831da8f38c71b66b64373de613,SOFGAER12A6D4F71A0,1
17aa9f6dbdf753831da8f38c71b66b64373de613,SOFKYDZ12AB017F425,1
17aa9f6dbdf753831da8f38c71b66b64373de613,SOFMFXK12A8C13C658,1
17aa9f6dbdf753831da8f38c71b66b64373de613,SOFPCZP12A8C136B4F,1
17aa9f6dbdf753831da8f38c71b66b64373de613,SOFVHLF12A8C140E48,1
17aa9f6dbdf753831da8f38c71b66b64373de613,SOFWLRF12AB017F405,1
17aa9f6dbdf753831da8f38c71b66b64373de613,SOFXJCS12A58A7DF02,1
17aa9f6dbdf753831da8f38c71b66b64373de613,SOGDPWT12A58A7C132,1
17aa9f6dbdf753831da8f38c71b66b64373de613,SOGDZSB12AB017CC29,1
17aa9f6dbdf753831da8f38c71b66b64373de613,SOGIDSA12A8C142829,1
17aa9f6dbdf753831da8f38c71b66b64373de613,SOGKGXY12A8C134E30,1
17aa9f6dbdf753831da8f38c71b66b64373de613,SOGKHRQ12AF72A4231,1
17aa9f6dbdf753831da8f38c71b66b64373de613,SOGKZXO12A8C13E3EE,1
17aa9f6dbdf753831da8f38c71b66b64373de613,SOGUPIJ12A8C13AEA1,1
17aa9f6dbdf753831da8f38c71b66b64373de613,SOGVQTZ12A6D4FB490,1
17aa9f6dbdf753831da8f38c71b66b64373de613,SOGWKKA12A6702162E,1
17aa9f6dbdf753831da8f38c71b66b64373de613,SOGXXEU12A8C13CF95,1
17aa9f6dbdf753831da8f38c71b66b64373de613,SOHFHTB12A6D4FC69A,1
17aa9f6dbdf753831da8f38c71b66b64373de613,SOHHSYJ12AB017F40A,1
17aa9f6dbdf753831da8f38c71b66b64373de613,SOHJSRO12A8C13D385,1
17aa9f6dbdf753831da8f38c71b66b64373de613,SOHNVHC12A6D4F95AB,1
17aa9f6dbdf753831da8f38c71b66b64373de613,1x63HWJxacGCvIPEEd52yK,5
17aa9f6dbdf753831da8f38c71b66b64373de613,SOHTKMO12AB01843B0,1
17aa9f6dbdf753831da8f38c71b66b64373de613,SOHWXHK12A6701D7B9,1
17aa9f6dbdf753831da8f38c71b66b64373de613,SOHXSEH12A67020A2D,1
17aa9f6dbdf753831da8f38c71b66b64373de613,05JvOUrr3d9vjnZIRbtJHi,2
17aa9f6dbdf753831da8f38c71b66b64373de613,0s8LGHOJbkxwMmgRmD5DK3,5
17aa9f6dbdf753831da8f38c71b66b64373de613,SOIRBTN12A8C13C97B,1
17aa9f6dbdf753831da8f38c71b66b64373de613,SOIUHFO12A67AD954B,1
17aa9f6dbdf753831da8f38c71b66b64373de613,SOIWPAX12AB0181918,1
17aa9f6dbdf753831da8f38c71b66b64373de613,SOIYNJG12AB01810B2,1
17aa9f6dbdf753831da8f38c71b66b64373de613,4G9kNnIG1z65Y6EIrJ6WXG,2
17aa9f6dbdf753831da8f38c71b66b64373de613,SOJOZTM12A8C140618,1
17aa9f6dbdf753831da8f38c71b66b64373de613,SOJPFPR12AB018109D,1
17aa9f6dbdf753831da8f38c71b66b64373de613,SOJTZGN12AB017F006,1
17aa9f6dbdf753831da8f38c71b66b64373de613,0PMRcxpVAYQm0q6y1taEgR,2
17aa9f6dbdf753831da8f38c71b66b64373de613,SOJVPDY12AF72A1B04,1
17aa9f6dbdf753831da8f38c71b66b64373de613,SOJXYTP12A67ADD1B2,1
17aa9f6dbdf753831da8f38c71b66b64373de613,SOKFNBL12AF72A1A41,1
17aa9f6dbdf753831da8f38c71b66b64373de613,SOKITWQ12A6D4FC8AD,1
17aa9f6dbdf753831da8f38c71b66b64373de613,22KCwCBKLtC2DLYrrWcWWL,5
17aa9f6dbdf753831da8f38c71b66b64373de613,SOKUGOT12A58A7CC62,1
17aa9f6dbdf753831da8f38c71b66b64373de613,SOKZTMC12A8AE48549,1
17aa9f6dbdf753831da8f38c71b66b64373de613,2yHowQ2y8xnSZk3R8vrLaW,5
17aa9f6dbdf753831da8f38c71b66b64373de613,SOLHEHV12A8C13ECB2,1
17aa9f6dbdf753831da8f38c71b66b64373de613,SOLILBT12A8C1406BF,1
17aa9f6dbdf753831da8f38c71b66b64373de613,SOLQGEO12AC4688B90,1
17aa9f6dbdf753831da8f38c71b66b64373de613,SOMGPML12A8C13AE8C,1
17aa9f6dbdf753831da8f38c71b66b64373de613,SOMQSYG12A6D4FA671,1
17aa9f6dbdf753831da8f38c71b66b64373de613,SOMQURX12AB01886F8,1
17aa9f6dbdf753831da8f38c71b66b64373de613,2otr8unXaKEhFUquQ4Lv8I,2
17aa9f6dbdf753831da8f38c71b66b64373de613,SOMUXVE12A6D4F6EAB,1
17aa9f6dbdf753831da8f38c71b66b64373de613,SONDCOR12A8C13BA16,1
17aa9f6dbdf753831da8f38c71b66b64373de613,SONLCTW12A58A7BB70,1
17aa9f6dbdf753831da8f38c71b66b64373de613,SONMBPQ12A6D4F95A3,1
17aa9f6dbdf753831da8f38c71b66b64373de613,SONMERX12AF72A6002,1
17aa9f6dbdf753831da8f38c71b66b64373de613,SONMWXV12AB01803B4,1
17aa9f6dbdf753831da8f38c71b66b64373de613,SONOCEE12AC3DF57CC,1
17aa9f6dbdf753831da8f38c71b66b64373de613,SONSQGU12AF72A2EDA,1
17aa9f6dbdf753831da8f38c71b66b64373de613,SONXCYX12AB0184785,1
17aa9f6dbdf753831da8f38c71b66b64373de613,0O3TAouZE4vL9dM5SyxgvH,5
17aa9f6dbdf753831da8f38c71b66b64373de613,SOOPCNF12A58A7DF63,1
17aa9f6dbdf753831da8f38c71b66b64373de613,SOORTEQ12A6D4FA1D0,1
17aa9f6dbdf753831da8f38c71b66b64373de613,SOOXRJG12A8C13773E,1
17aa9f6dbdf753831da8f38c71b66b64373de613,SOPXWLG12A8C13E75D,1
17aa9f6dbdf753831da8f38c71b66b64373de613,SOPZBNV12AB0187D8B,1
17aa9f6dbdf753831da8f38c71b66b64373de613,SOQJXKY12AC3DF57D1,1
17aa9f6dbdf753831da8f38c71b66b64373de613,0rBMP6VVGRgwnzZCLpijyl,2
17aa9f6dbdf753831da8f38c71b66b64373de613,0WIi0VGvdXOAXGXtyTnH5Q,5
17aa9f6dbdf753831da8f38c71b66b64373de613,SORJRHI12A6D4FEF5C,1
17aa9f6dbdf753831da8f38c71b66b64373de613,0AJL9bG5n2SdyRPxh8fNjt,2
17aa9f6dbdf753831da8f38c71b66b64373de613,7D70tiORAMJrUXVGf4OyPI,5
17aa9f6dbdf753831da8f38c71b66b64373de613,7Mvse8gvgglfvYha56MzK5,5
17aa9f6dbdf753831da8f38c71b66b64373de613,5b1drDLLHPiiFMoIRNAamG,2
17aa9f6dbdf753831da8f38c71b66b64373de613,SOSNESF12A8C143097,1
17aa9f6dbdf753831da8f38c71b66b64373de613,4PoHU9mRuDPvwDKuhzzpn8,2
17aa9f6dbdf753831da8f38c71b66b64373de613,SOSQMCN12AB01820C7,1
17aa9f6dbdf753831da8f38c71b66b64373de613,SOSROSD12A8C13F519,1
17aa9f6dbdf753831da8f38c71b66b64373de613,SOTSRUQ12A81C22359,1
17aa9f6dbdf753831da8f38c71b66b64373de613,4nHsQ4S2gIrSJMitQ2y05d,2
17aa9f6dbdf753831da8f38c71b66b64373de613,SOUNNKZ12A8C13E432,1
17aa9f6dbdf753831da8f38c71b66b64373de613,SOUNZHU12A8AE47481,1
17aa9f6dbdf753831da8f38c71b66b64373de613,SOUOPLF12AB017F40F,1
17aa9f6dbdf753831da8f38c71b66b64373de613,SOUQJHS12AB0180A82,1
17aa9f6dbdf753831da8f38c71b66b64373de613,76GKbKyaTonMpyIa9mCXmX,5
17aa9f6dbdf753831da8f38c71b66b64373de613,3zuRGDCXGIzAp4S8wuOmNm,2
17aa9f6dbdf753831da8f38c71b66b64373de613,SOVGEYY12A58A7D2B6,1
17aa9f6dbdf753831da8f38c71b66b64373de613,SOVPXOH12AB0180112,1
17aa9f6dbdf753831da8f38c71b66b64373de613,SOVRGXP12AB017D2B9,1
17aa9f6dbdf753831da8f38c71b66b64373de613,SOVYNZA12A8C13C378,1
17aa9f6dbdf753831da8f38c71b66b64373de613,SOVZOBS12A67ADAFC6,1
17aa9f6dbdf753831da8f38c71b66b64373de613,3XKa4VMFriRm30shwMzdrM,2
17aa9f6dbdf753831da8f38c71b66b64373de613,SOWVNWB12A8C133171,1
17aa9f6dbdf753831da8f38c71b66b64373de613,SOXJLLK12A8C139E3D,1
17aa9f6dbdf753831da8f38c71b66b64373de613,5ATUXl5MiTbVii4a5ongzl,2
17aa9f6dbdf753831da8f38c71b66b64373de613,SOXNGDE12AB018C7A4,1
17aa9f6dbdf753831da8f38c71b66b64373de613,4ObbvnZR962uc0km6cSs36,2
17aa9f6dbdf753831da8f38c71b66b64373de613,4piT16HA6X6YGBZ8QE7EyR,2
17aa9f6dbdf753831da8f38c71b66b64373de613,5ec34G88JSmAcJxB4MBNSR,2
17aa9f6dbdf753831da8f38c71b66b64373de613,SOYCZLK12A6D4FA7B4,1
17aa9f6dbdf753831da8f38c71b66b64373de613,5ZIHOepZSyDkNDqs0zALGk,2
17aa9f6dbdf753831da8f38c71b66b64373de613,SOYGYFN12A8C137FA9,1
17aa9f6dbdf753831da8f38c71b66b64373de613,SOYJPNY12AB01869CC,1
17aa9f6dbdf753831da8f38c71b66b64373de613,SOYOHMP12A6D4F6244,1
17aa9f6dbdf753831da8f38c71b66b64373de613,SOZISSK12A3F1EAD88,1
17aa9f6dbdf753831da8f38c71b66b64373de613,SOZRLJL12A8C14415F,1
d6589314c0a9bcbca4fee0c93b14bc402363afea,7gC4eKnWXPNOjcSsG0YU5J,12
d6589314c0a9bcbca4fee0c93b14bc402363afea,09GFuRGVmdfKNuGNcRxEJP,1
d6589314c0a9bcbca4fee0c93b14bc402363afea,SOANQFY12AB0183239,1
d6589314c0a9bcbca4fee0c93b14bc402363afea,SOAYATB12A6701FD50,1
d6589314c0a9bcbca4fee0c93b14bc402363afea,6RomB1xO718qT2XZoJOiRU,7
d6589314c0a9bcbca4fee0c93b14bc402363afea,6mAz8D1TmlTuef90dbNIiZ,26
d6589314c0a9bcbca4fee0c93b14bc402363afea,40zwfL4MFqa3LN5Cauu70u,7
d6589314c0a9bcbca4fee0c93b14bc402363afea,5rYpwP1dHWGVMrSZbTmt3e,5
d6589314c0a9bcbca4fee0c93b14bc402363afea,SODASIJ12A6D4F5D89,1
d6589314c0a9bcbca4fee0c93b14bc402363afea,4bQ9kSO4cwhoYW9fFM7bIA,8
d6589314c0a9bcbca4fee0c93b14bc402363afea,5e90dsXJMBw9ndBRiKP1ZA,8
d6589314c0a9bcbca4fee0c93b14bc402363afea,4MCJAWLCv4kpZp1EpFdFHn,4
d6589314c0a9bcbca4fee0c93b14bc402363afea,SODLSCE12A6D4FBCAC,1
d6589314c0a9bcbca4fee0c93b14bc402363afea,SODUGQV12AF72A6803,1
d6589314c0a9bcbca4fee0c93b14bc402363afea,240audWazVjwvwh7XwfSZE,6
d6589314c0a9bcbca4fee0c93b14bc402363afea,0Xfaw3CcpLphgkTLiCs2FP,7
d6589314c0a9bcbca4fee0c93b14bc402363afea,6BSY2h1WsiChRBUMVSFEHr,7
d6589314c0a9bcbca4fee0c93b14bc402363afea,4gB8KsrAQcmbokcfOIs5oF,6
d6589314c0a9bcbca4fee0c93b14bc402363afea,6Ex03oPLDLiE5Ha5Di1UPY,7
d6589314c0a9bcbca4fee0c93b14bc402363afea,4Zdp7FjQOG1ejeV06dUiv6,6
d6589314c0a9bcbca4fee0c93b14bc402363afea,5oBeMprYCAa0GPpT540dtg,5
d6589314c0a9bcbca4fee0c93b14bc402363afea,SOJTLHS12A8C13F633,1
d6589314c0a9bcbca4fee0c93b14bc402363afea,1npAUoLKDnpqpjyDDHmI1j,7
d6589314c0a9bcbca4fee0c93b14bc402363afea,7JGhHaQilH9EVKSBr7BI9Y,4
d6589314c0a9bcbca4fee0c93b14bc402363afea,12PPtN6iHLnPVKuVzxfWSM,2
d6589314c0a9bcbca4fee0c93b14bc402363afea,5bjvEzg9fG68IRMSrkVSot,7
d6589314c0a9bcbca4fee0c93b14bc402363afea,3SizrrFvfc0nrJZtcPGoXD,8
d6589314c0a9bcbca4fee0c93b14bc402363afea,2bpesJelSQaqXn0VE4HZpl,1
d6589314c0a9bcbca4fee0c93b14bc402363afea,3RZ3AyJp5G3QT8AAnN5RRg,9
d6589314c0a9bcbca4fee0c93b14bc402363afea,4LrJwoFKoF3QLNaLo57PiH,7
d6589314c0a9bcbca4fee0c93b14bc402363afea,6aksxALGxEL6kOOvITALIm,7
d6589314c0a9bcbca4fee0c93b14bc402363afea,11p2ty4w5GpoFL4vcK0Cru,6
d6589314c0a9bcbca4fee0c93b14bc402363afea,1j5WbLr7xBlMfXPDI7Y2gD,6
d6589314c0a9bcbca4fee0c93b14bc402363afea,5UBUKpDJOONRDFB9b8JobU,9
d6589314c0a9bcbca4fee0c93b14bc402363afea,4zkouyxQq5FVoYrwFyhFff,2
d6589314c0a9bcbca4fee0c93b14bc402363afea,2E8kB4pt1CEWJKR6A2miDv,14
d6589314c0a9bcbca4fee0c93b14bc402363afea,1w5dZMSwIM242ymwTv0PAi,8
d6589314c0a9bcbca4fee0c93b14bc402363afea,63FKplvrn9fM0IAkfalezO,6
d6589314c0a9bcbca4fee0c93b14bc402363afea,SOSIZSI12A8AE46305,1
d6589314c0a9bcbca4fee0c93b14bc402363afea,SOSTLBB12A8C13E3DB,1
d6589314c0a9bcbca4fee0c93b14bc402363afea,7xDdsXhE6LLzPwpbV5qE1f,6
d6589314c0a9bcbca4fee0c93b14bc402363afea,14c7ZTnEE40eNpNtT2HPF0,2
d6589314c0a9bcbca4fee0c93b14bc402363afea,0IkLMN8d1HQcpbvskhz6f3,23
d6589314c0a9bcbca4fee0c93b14bc402363afea,32sGRkbE4NdRddOrzo7I8S,8
d6589314c0a9bcbca4fee0c93b14bc402363afea,3FwjVGj09AuW9cplShwmFl,7
d6589314c0a9bcbca4fee0c93b14bc402363afea,SOUDLVN12AAFF43658,1
d6589314c0a9bcbca4fee0c93b14bc402363afea,3NSRowkfL0rYE8S6dfT2G0,6
d6589314c0a9bcbca4fee0c93b14bc402363afea,6qdkZt2XcHu0qaO3KqbEh6,3
d6589314c0a9bcbca4fee0c93b14bc402363afea,4sYYIvC85kGLzic6L8DQ6v,4
d6589314c0a9bcbca4fee0c93b14bc402363afea,7zCexeW3tndDD1XPR9hnNc,6
d6589314c0a9bcbca4fee0c93b14bc402363afea,SOVZHYS12A8C14663F,1
d6589314c0a9bcbca4fee0c93b14bc402363afea,0ohGsoemsAz6KKsqYaDWVX,3
d6589314c0a9bcbca4fee0c93b14bc402363afea,1ROJqYdQWVFdiAxWirecMm,18
d6589314c0a9bcbca4fee0c93b14bc402363afea,2NEfYYsZrpbFZ1JpNs6Jsi,6
d6589314c0a9bcbca4fee0c93b14bc402363afea,7Agi8QDhwLEHFdP5LxysqD,7
d6589314c0a9bcbca4fee0c93b14bc402363afea,53rNGlVqVincIF9bYhO9S3,6
d6589314c0a9bcbca4fee0c93b14bc402363afea,SOYBWVL12AF72A3DD3,1
d6589314c0a9bcbca4fee0c93b14bc402363afea,22gKxX5eloBO6mPV9Bm77D,8
d6589314c0a9bcbca4fee0c93b14bc402363afea,2GgeUuvzchp2ODhdNjnDSr,4
d6589314c0a9bcbca4fee0c93b14bc402363afea,SOZVCRW12A67ADA0B7,1
5a905f000fc1ff3df7ca807d57edb608863db05d,2BZtlQ9NawYOb83l4KaRLx,11
5a905f000fc1ff3df7ca807d57edb608863db05d,1Fr4EjhkpR4N3fbqYBnGGK,12
5a905f000fc1ff3df7ca807d57edb608863db05d,09GFuRGVmdfKNuGNcRxEJP,1
5a905f000fc1ff3df7ca807d57edb608863db05d,5Ysq5wZM9uFeH2lKOBVlah,3
5a905f000fc1ff3df7ca807d57edb608863db05d,SOAIIYK12A6D4F6666,1
5a905f000fc1ff3df7ca807d57edb608863db05d,SOAJJDS12A8C13A3FB,1
5a905f000fc1ff3df7ca807d57edb608863db05d,2U5D8PuFsSdaOHAyNPY7ye,2
5a905f000fc1ff3df7ca807d57edb608863db05d,SOAKDHD12A6310F1AE,1
5a905f000fc1ff3df7ca807d57edb608863db05d,1vut7ck9zbdflzBMZIuX5i,2
5a905f000fc1ff3df7ca807d57edb608863db05d,536kodEQi86zhECdQ1FBbf,20
5a905f000fc1ff3df7ca807d57edb608863db05d,SOAOBEK12AF72A9021,1
5a905f000fc1ff3df7ca807d57edb608863db05d,SOAOFBI12A8C143E28,1
5a905f000fc1ff3df7ca807d57edb608863db05d,1UCuEDGXijy1FFjXuzqwh2,7
5a905f000fc1ff3df7ca807d57edb608863db05d,4qXbAjCB59tfnmobBtMAPj,2
5a905f000fc1ff3df7ca807d57edb608863db05d,SOARBUV12A6310F1B2,1
5a905f000fc1ff3df7ca807d57edb608863db05d,6b4A1mLzePAHGn3XCicLAe,1
5a905f000fc1ff3df7ca807d57edb608863db05d,78QR3Wp35dqAhFEc2qAGjE,2
5a905f000fc1ff3df7ca807d57edb608863db05d,28sEfBdQ008wdQD5oPr8gI,1
5a905f000fc1ff3df7ca807d57edb608863db05d,07miQb315ezd5obb3PPzQB,11
5a905f000fc1ff3df7ca807d57edb608863db05d,09kvhnq2ONdNo4NRtHBSvv,2
5a905f000fc1ff3df7ca807d57edb608863db05d,SOAWXBL12AB01861E6,1
5a905f000fc1ff3df7ca807d57edb608863db05d,7MIQm9nx65DAaeFORu8spX,3
5a905f000fc1ff3df7ca807d57edb608863db05d,14PWHDV87nXiSuClZDsEYC,2
5a905f000fc1ff3df7ca807d57edb608863db05d,SOBDQMB12AB0189045,1
5a905f000fc1ff3df7ca807d57edb608863db05d,SOBGPHU12A8C1424E3,1
5a905f000fc1ff3df7ca807d57edb608863db05d,6i0ckiFqGp46IeshQXPfna,2
5a905f000fc1ff3df7ca807d57edb608863db05d,1Lv4ZKZZ1obmP0M3l9p9Cz,5
5a905f000fc1ff3df7ca807d57edb608863db05d,3BSfWiSMIVixs5nhXWJkDs,2
5a905f000fc1ff3df7ca807d57edb608863db05d,SOBNPLZ12A81C2394C,1
5a905f000fc1ff3df7ca807d57edb608863db05d,0jakaHRU7ubOzJTseh6tJu,3
5a905f000fc1ff3df7ca807d57edb608863db05d,0LyBn2y1W7Bp9QypXXibju,2
5a905f000fc1ff3df7ca807d57edb608863db05d,SOBVKFF12A8C137A79,1
5a905f000fc1ff3df7ca807d57edb608863db05d,SOBWWDF12AF72A4828,1
5a905f000fc1ff3df7ca807d57edb608863db05d,40WGGRjVVjpSe3O7GKX8Tj,4
5a905f000fc1ff3df7ca807d57edb608863db05d,3zHHyqviTiRwPxOFgJSodt,3
5a905f000fc1ff3df7ca807d57edb608863db05d,1qkwR7k0OSjRJ7Nqk5e7Mi,4
5a905f000fc1ff3df7ca807d57edb608863db05d,SOCAQPK12AB018AA3F,1
5a905f000fc1ff3df7ca807d57edb608863db05d,1id8NdLiLLXCbWwH8p96ze,2
5a905f000fc1ff3df7ca807d57edb608863db05d,SOCEWVG12A8C13DCC2,1
5a905f000fc1ff3df7ca807d57edb608863db05d,5KZE1rPzg3jcLGZy1beglw,15
5a905f000fc1ff3df7ca807d57edb608863db05d,4UYQHTgOlSdaQWfUTAjpop,2
5a905f000fc1ff3df7ca807d57edb608863db05d,3C3UGD7IoKlYCaT0tDNbFa,11
5a905f000fc1ff3df7ca807d57edb608863db05d,3A4TIpLeMng0Nn0N7yre4g,2
5a905f000fc1ff3df7ca807d57edb608863db05d,SOCJTTL12A8C14009F,1
5a905f000fc1ff3df7ca807d57edb608863db05d,6vPrkAg0nmoLBakH5WxBlD,2
5a905f000fc1ff3df7ca807d57edb608863db05d,4mIXmsA9lwT7sk8rkrnEFE,2
5a905f000fc1ff3df7ca807d57edb608863db05d,SOCNCFO12A8C13971C,1
5a905f000fc1ff3df7ca807d57edb608863db05d,6vPrkAg0nmoLBakH5WxBlD,2
5a905f000fc1ff3df7ca807d57edb608863db05d,6xQv87USoFx2zNmXFht1Wx,3
5a905f000fc1ff3df7ca807d57edb608863db05d,6E1ycDlhmqMzaLxi1msK4G,4
5a905f000fc1ff3df7ca807d57edb608863db05d,SOCQQSU12AB0185BF4,1
5a905f000fc1ff3df7ca807d57edb608863db05d,7eAJRpXeNdYucbtD4tS80O,5
5a905f000fc1ff3df7ca807d57edb608863db05d,SOCSZDA12A6D4F6663,1
5a905f000fc1ff3df7ca807d57edb608863db05d,4MWgP2Q8OetPQlMyGkbPqv,2
5a905f000fc1ff3df7ca807d57edb608863db05d,SOCXGVX12A67AD85A1,1
5a905f000fc1ff3df7ca807d57edb608863db05d,SODACQU12A67AE0C88,1
5a905f000fc1ff3df7ca807d57edb608863db05d,4zrpGgdqtB4IaUthBLu26w,9
5a905f000fc1ff3df7ca807d57edb608863db05d,4xrrec9bdpJoslxlICRK5i,2
5a905f000fc1ff3df7ca807d57edb608863db05d,6I69qtijREDJ1kDr1b48dO,2
5a905f000fc1ff3df7ca807d57edb608863db05d,7LORk55ugdDmLatmucbpXM,6
5a905f000fc1ff3df7ca807d57edb608863db05d,SODIMDE12A6D4F6D41,1
5a905f000fc1ff3df7ca807d57edb608863db05d,3oBlwGbihR4DHztLAyPH6n,3
5a905f000fc1ff3df7ca807d57edb608863db05d,2vbdUi6DvdKauWAisnyjNg,3
5a905f000fc1ff3df7ca807d57edb608863db05d,SODPSYG12A8C145EBF,1
5a905f000fc1ff3df7ca807d57edb608863db05d,7MbdiKZClwSDglZXRH8xik,2
5a905f000fc1ff3df7ca807d57edb608863db05d,SODRLEQ12A6701F953,1
5a905f000fc1ff3df7ca807d57edb608863db05d,6dZEAktWiUtZ47MaNdBk1K,5
5a905f000fc1ff3df7ca807d57edb608863db05d,4d8BSdhx6WT5GtTOWpv4rh,11
5a905f000fc1ff3df7ca807d57edb608863db05d,0T6wsLOq4GmZL4HtOseM4k,4
5a905f000fc1ff3df7ca807d57edb608863db05d,SODXNRQ12A8151B860,1
5a905f000fc1ff3df7ca807d57edb608863db05d,6cGxnnoE1eDrCE2jmDkhTu,6
5a905f000fc1ff3df7ca807d57edb608863db05d,SOEAVMU12AB017E234,1
5a905f000fc1ff3df7ca807d57edb608863db05d,2x3D4A5gI3PJEvhTtb4Hlr,5
5a905f000fc1ff3df7ca807d57edb608863db05d,SOEBJYS12A8C13E0AD,1
5a905f000fc1ff3df7ca807d57edb608863db05d,1IeQIFjQNyHzWrnVtupkk7,3
5a905f000fc1ff3df7ca807d57edb608863db05d,SOEDBAO12A8AE476FE,1
5a905f000fc1ff3df7ca807d57edb608863db05d,5dv1VQpsAbUv8xf8MrhoqA,2
5a905f000fc1ff3df7ca807d57edb608863db05d,SOEGAZP12A8BED7496,1
5a905f000fc1ff3df7ca807d57edb608863db05d,3XUPamXY01FS0wga8zapK3,3
5a905f000fc1ff3df7ca807d57edb608863db05d,3WJHiN1XQvluwUkElowOJC,3
5a905f000fc1ff3df7ca807d57edb608863db05d,SOELGCG12AB0188C92,1
5a905f000fc1ff3df7ca807d57edb608863db05d,SOEPHAK12A8C1383D5,1
5a905f000fc1ff3df7ca807d57edb608863db05d,44AH8XwgrebHvQAZJbSrsV,6
5a905f000fc1ff3df7ca807d57edb608863db05d,29tnYVVuDm65lUwysGy6T5,2
5a905f000fc1ff3df7ca807d57edb608863db05d,7FiVoxzWM9jngxxz7j3ihs,7
5a905f000fc1ff3df7ca807d57edb608863db05d,SOESJHB12A8C13F5A5,1
5a905f000fc1ff3df7ca807d57edb608863db05d,0TF7xO08iRaAGNQrt8Mtlm,6
5a905f000fc1ff3df7ca807d57edb608863db05d,0IFK5fF5Q44rlJ6K1zejIi,3
5a905f000fc1ff3df7ca807d57edb608863db05d,7uwHLatrRIbCZE4EqKd7uC,4
5a905f000fc1ff3df7ca807d57edb608863db05d,SOEWATI12A8C13D029,1
5a905f000fc1ff3df7ca807d57edb608863db05d,6Shhh5DVoTBp9KWV1hsba2,2
5a905f000fc1ff3df7ca807d57edb608863db05d,6GoBXgFNeY5nfQUeSYo3JQ,5
5a905f000fc1ff3df7ca807d57edb608863db05d,SOEXEMS12AB0186160,1
5a905f000fc1ff3df7ca807d57edb608863db05d,5TPHzsTdKR6wWJRhjyJrkd,6
5a905f000fc1ff3df7ca807d57edb608863db05d,SOEYKXB12A8C1346BC,1
5a905f000fc1ff3df7ca807d57edb608863db05d,60WrMDnWumjQNaT0IRuf4H,2
5a905f000fc1ff3df7ca807d57edb608863db05d,SOFCQQC12A8C135E0C,1
5a905f000fc1ff3df7ca807d57edb608863db05d,1YMDkf4p153rsj5GVv8fUV,17
5a905f000fc1ff3df7ca807d57edb608863db05d,7mm3KKYtS1NPCKEogbSYuM,2
5a905f000fc1ff3df7ca807d57edb608863db05d,SOFJMYJ12A6D4F8E59,1
5a905f000fc1ff3df7ca807d57edb608863db05d,SOFKTPP12A8C1385CA,1
5a905f000fc1ff3df7ca807d57edb608863db05d,5WDNym6APcjyaHz720mu7N,2
5a905f000fc1ff3df7ca807d57edb608863db05d,SOFSPAT12A8C145F53,1
5a905f000fc1ff3df7ca807d57edb608863db05d,6r0gmryTE5g4MZjJMgHSSX,5
5a905f000fc1ff3df7ca807d57edb608863db05d,SOFWUWJ12A6D4F991E,1
5a905f000fc1ff3df7ca807d57edb608863db05d,5lJyiQRCLoelfbPBVawHNk,3
5a905f000fc1ff3df7ca807d57edb608863db05d,SOGCBQL12A67ADE302,1
5a905f000fc1ff3df7ca807d57edb608863db05d,SOGEAVL12A8C13F578,1
5a905f000fc1ff3df7ca807d57edb608863db05d,SOGECRB12AB018C9AB,1
5a905f000fc1ff3df7ca807d57edb608863db05d,SOGERWW12AB01858A2,1
5a905f000fc1ff3df7ca807d57edb608863db05d,66FR7jofK8dk6cOHFz2KoF,4
5a905f000fc1ff3df7ca807d57edb608863db05d,SOGIEOU12A8C134815,1
5a905f000fc1ff3df7ca807d57edb608863db05d,SOGJPMB12A8C13A9DB,1
5a905f000fc1ff3df7ca807d57edb608863db05d,6oRKHTPHtgWZlPLXojjzKD,2
5a905f000fc1ff3df7ca807d57edb608863db05d,07goLAF14ih1uhZGdVQFAG,4
5a905f000fc1ff3df7ca807d57edb608863db05d,7aR3nl0ZSGWp3zo0wUjS5S,2
5a905f000fc1ff3df7ca807d57edb608863db05d,0N1tkDvTMzYouVPCa1O3Kf,8
5a905f000fc1ff3df7ca807d57edb608863db05d,SOGQUQG12A8C143005,1
5a905f000fc1ff3df7ca807d57edb608863db05d,5ZkvJHt0E0jCsKWVNhTRAC,6
5a905f000fc1ff3df7ca807d57edb608863db05d,SOGVWGI12A8C13B9D1,1
5a905f000fc1ff3df7ca807d57edb608863db05d,3FX4QpDKyovXdgtPEto2WR,12
5a905f000fc1ff3df7ca807d57edb608863db05d,6zz8hMLRj12n2EBOvenHew,3
5a905f000fc1ff3df7ca807d57edb608863db05d,SOGZQHS12A8C137A12,1
5a905f000fc1ff3df7ca807d57edb608863db05d,6OPaSDJDMWA4kI8fg7BQgF,8
5a905f000fc1ff3df7ca807d57edb608863db05d,1Crliz3Hp5dapnKC289Jme,2
5a905f000fc1ff3df7ca807d57edb608863db05d,SOHBURV12A8C13B628,1
5a905f000fc1ff3df7ca807d57edb608863db05d,5SFPoL9ujny5ynL1fUYovT,2
5a905f000fc1ff3df7ca807d57edb608863db05d,0oK6aZFtGPCCQ83lChpGO3,1
5a905f000fc1ff3df7ca807d57edb608863db05d,7xBhFQIxqo0gch9Bxw02uA,2
5a905f000fc1ff3df7ca807d57edb608863db05d,SOHIDCT12AB018C98E,1
5a905f000fc1ff3df7ca807d57edb608863db05d,3LPlwIbTOlmgwJ5GTsFfxl,2
5a905f000fc1ff3df7ca807d57edb608863db05d,5UhcPxwj8U9JHt90MaBbQ1,11
5a905f000fc1ff3df7ca807d57edb608863db05d,SOHVWPV12A8C135C5B,1
5a905f000fc1ff3df7ca807d57edb608863db05d,1A43TfohQt3H6K5zg28ExD,2
5a905f000fc1ff3df7ca807d57edb608863db05d,SOHWFUW12A8C13ECCA,1
5a905f000fc1ff3df7ca807d57edb608863db05d,SOHXQWR12AF72AB9CD,1
5a905f000fc1ff3df7ca807d57edb608863db05d,7mZUlWXQg0nhIjtlwxS8zY,10
5a905f000fc1ff3df7ca807d57edb608863db05d,18aImFRizYHe2MwD5EDWZh,2
5a905f000fc1ff3df7ca807d57edb608863db05d,SOIEBOJ12A8C1379FC,1
5a905f000fc1ff3df7ca807d57edb608863db05d,18aImFRizYHe2MwD5EDWZh,13
5a905f000fc1ff3df7ca807d57edb608863db05d,10V96IBSJJjZPAS4fcKEmn,5
5a905f000fc1ff3df7ca807d57edb608863db05d,1SKxGSaKBclGpI9Og6llBS,6
5a905f000fc1ff3df7ca807d57edb608863db05d,3OrzQ7xwaLyhEV7M10CqCS,2
5a905f000fc1ff3df7ca807d57edb608863db05d,7e5WppzulpdTKAQu7uUNch,1
5a905f000fc1ff3df7ca807d57edb608863db05d,73pxzIThh3yz0mpDyHrMiQ,3
5a905f000fc1ff3df7ca807d57edb608863db05d,SOIOBLC12AF72A3A7C,1
5a905f000fc1ff3df7ca807d57edb608863db05d,7CCAWDEVRMY5grDfjGXrOC,2
5a905f000fc1ff3df7ca807d57edb608863db05d,SOIQUSV12A8C13A402,1
5a905f000fc1ff3df7ca807d57edb608863db05d,SOIVBNO12A58A75411,1
5a905f000fc1ff3df7ca807d57edb608863db05d,SOIVKUR12A6310F0FF,1
5a905f000fc1ff3df7ca807d57edb608863db05d,46OhzotdmKreembXIvX0NS,3
5a905f000fc1ff3df7ca807d57edb608863db05d,0joQFwiBKmi6X1Iq5R1ubH,5
5a905f000fc1ff3df7ca807d57edb608863db05d,SOIYMFH12A8C14059B,1
5a905f000fc1ff3df7ca807d57edb608863db05d,SOIZRER12A8C137A26,1
5a905f000fc1ff3df7ca807d57edb608863db05d,61MqARMpqkrMjVAqi6p3b3,2
5a905f000fc1ff3df7ca807d57edb608863db05d,SOJBIJK12A8C137500,1
5a905f000fc1ff3df7ca807d57edb608863db05d,SOJDPNR12A8C13C7AE,1
5a905f000fc1ff3df7ca807d57edb608863db05d,4qRSms2jxKryXFAAutaVHE,8
5a905f000fc1ff3df7ca807d57edb608863db05d,789v2kOLYbU6P4N0F0KoEj,4
5a905f000fc1ff3df7ca807d57edb608863db05d,5t2bXNmpMlU4pzVBB1H209,11
5a905f000fc1ff3df7ca807d57edb608863db05d,1btHCGleerW3pdYNSj14gF,6
5a905f000fc1ff3df7ca807d57edb608863db05d,5u7yESSeNVP8kjJyKCvFDX,8
5a905f000fc1ff3df7ca807d57edb608863db05d,SOJIAHH12A6D4F6D47,1
5a905f000fc1ff3df7ca807d57edb608863db05d,3SHTDx3mTHlFZ5Z3zBEkfj,6
5a905f000fc1ff3df7ca807d57edb608863db05d,SOJLAES12AAF3B4907,1
5a905f000fc1ff3df7ca807d57edb608863db05d,SOJTIXE12AB018C99E,1
5a905f000fc1ff3df7ca807d57edb608863db05d,SOJTQNM12A6D4FBE17,1
5a905f000fc1ff3df7ca807d57edb608863db05d,SOJUBSU12AF729FEC1,1
5a905f000fc1ff3df7ca807d57edb608863db05d,SOJVCYN12A8C138A1F,1
5a905f000fc1ff3df7ca807d57edb608863db05d,SOJWDVX12A8C144C92,1
5a905f000fc1ff3df7ca807d57edb608863db05d,SOJWEGU12AB0183F20,1
5a905f000fc1ff3df7ca807d57edb608863db05d,SOJXCUO12AB0180F5C,1
5a905f000fc1ff3df7ca807d57edb608863db05d,SOJZOFG12A8C137BAE,1
5a905f000fc1ff3df7ca807d57edb608863db05d,SOKEMEF12A6D4F9403,1
5a905f000fc1ff3df7ca807d57edb608863db05d,SOKHHVK12A8AE48182,1
5a905f000fc1ff3df7ca807d57edb608863db05d,65xzgxTCk4JcmhcHXtt7oL,2
5a905f000fc1ff3df7ca807d57edb608863db05d,SOKPECC12A8C144E4A,1
5a905f000fc1ff3df7ca807d57edb608863db05d,3Mr7KgAZdL7XRHWrgt40hA,6
5a905f000fc1ff3df7ca807d57edb608863db05d,SOKTJMZ12AB018C9A0,1
5a905f000fc1ff3df7ca807d57edb608863db05d,35E5QxBH5fkMESYtFWNuTI,7
5a905f000fc1ff3df7ca807d57edb608863db05d,SOKUMNA12A8C131B4B,1
5a905f000fc1ff3df7ca807d57edb608863db05d,SOKVSAH12A8C133C6D,1
5a905f000fc1ff3df7ca807d57edb608863db05d,16FNXZlusZZEUYTdFvtqsE,2
5a905f000fc1ff3df7ca807d57edb608863db05d,175DPQiTtnoCBSUC1y0G2g,4
5a905f000fc1ff3df7ca807d57edb608863db05d,3jNmig8j1tlvXWL37UQDMz,2
5a905f000fc1ff3df7ca807d57edb608863db05d,46ZvHWCyLC3DBYTkarOPyy,2
5a905f000fc1ff3df7ca807d57edb608863db05d,1DQnCRSWCDkeGN81FEStxs,18
5a905f000fc1ff3df7ca807d57edb608863db05d,SOKZVPM12A8C135A81,1
5a905f000fc1ff3df7ca807d57edb608863db05d,2gKgIBiXAcnCp7kuX9YJkb,12
5a905f000fc1ff3df7ca807d57edb608863db05d,SOLAUOW12A8C13A400,1
5a905f000fc1ff3df7ca807d57edb608863db05d,SOLGIFI12A8C135DE3,1
5a905f000fc1ff3df7ca807d57edb608863db05d,0JUP3xIQV5w2WfHn7Wyc0J,2
5a905f000fc1ff3df7ca807d57edb608863db05d,53iSNloCYqZ1N2PSOB2gTA,3
5a905f000fc1ff3df7ca807d57edb608863db05d,0KnKDeBibHPoqL9lt3rxgK,2
5a905f000fc1ff3df7ca807d57edb608863db05d,SOLLDVS12AB0183835,1
5a905f000fc1ff3df7ca807d57edb608863db05d,0QlOvrH2p99afIjuAoZfQe,2
5a905f000fc1ff3df7ca807d57edb608863db05d,0pJuAPBShtm2aPhXYtCysm,3
5a905f000fc1ff3df7ca807d57edb608863db05d,48b3ClyGN1CdsEnV2TYgSs,2
5a905f000fc1ff3df7ca807d57edb608863db05d,3jim1uL1GUDYDZC8iHrxSv,2
5a905f000fc1ff3df7ca807d57edb608863db05d,43TFbb7xlBHCwYUl9kEy5D,3
5a905f000fc1ff3df7ca807d57edb608863db05d,SOLSKNG12A8C13EFA9,1
5a905f000fc1ff3df7ca807d57edb608863db05d,SOLSKZK12A58A7DB2D,1
5a905f000fc1ff3df7ca807d57edb608863db05d,5MeTDU1W7icsRqU1ENIN7q,2
5a905f000fc1ff3df7ca807d57edb608863db05d,SOLVCOL12A8C13B9EB,1
5a905f000fc1ff3df7ca807d57edb608863db05d,SOLVHIW12A8C13BA03,1
5a905f000fc1ff3df7ca807d57edb608863db05d,SOLVMWL12AAF3B537C,1
5a905f000fc1ff3df7ca807d57edb608863db05d,SOLVMXY12A8C131E36,1
5a905f000fc1ff3df7ca807d57edb608863db05d,5KadqRVPqFphu3mZ7QFrrS,2
5a905f000fc1ff3df7ca807d57edb608863db05d,4b2mLKzFSvtOhnC8dqgOMS,5
5a905f000fc1ff3df7ca807d57edb608863db05d,SOMBCVG12A8C13A261,1
5a905f000fc1ff3df7ca807d57edb608863db05d,SOMBLEA12AF729ECE2,1
5a905f000fc1ff3df7ca807d57edb608863db05d,SOMCHHT12A8C13B9F2,1
5a905f000fc1ff3df7ca807d57edb608863db05d,SOMFVZQ12A81C219E4,1
5a905f000fc1ff3df7ca807d57edb608863db05d,SOMHMQW12A8C14098B,1
5a905f000fc1ff3df7ca807d57edb608863db05d,4b2mLKzFSvtOhnC8dqgOMS,2
5a905f000fc1ff3df7ca807d57edb608863db05d,5A2tyqspep8TgA5xEkDsue,2
5a905f000fc1ff3df7ca807d57edb608863db05d,2UYDzP1UfvttrwsYkL7nnO,5
5a905f000fc1ff3df7ca807d57edb608863db05d,0scSfgjpQMdFhCOCW662A8,4
5a905f000fc1ff3df7ca807d57edb608863db05d,5mrOnabhXnvCf5vFF7NJhG,2
5a905f000fc1ff3df7ca807d57edb608863db05d,SOMQDVC12A6D4FBE03,1
5a905f000fc1ff3df7ca807d57edb608863db05d,SOMRTUH12AB0185650,1
5a905f000fc1ff3df7ca807d57edb608863db05d,SOMRWUD12A6D4FB4C4,1
5a905f000fc1ff3df7ca807d57edb608863db05d,3x5F5wMcutQ4Fluez44tZm,2
5a905f000fc1ff3df7ca807d57edb608863db05d,SOMSNCG12A8AE475A7,1
5a905f000fc1ff3df7ca807d57edb608863db05d,43T1kxf0EeAVWTQCFL3tLv,6
5a905f000fc1ff3df7ca807d57edb608863db05d,SOMUCFP12A6701F28E,1
5a905f000fc1ff3df7ca807d57edb608863db05d,SOMUNVU12A6D4FB0E0,1
5a905f000fc1ff3df7ca807d57edb608863db05d,SOMVMVF12AB018C9A6,1
5a905f000fc1ff3df7ca807d57edb608863db05d,SOMVPBQ12A58A7835F,1
5a905f000fc1ff3df7ca807d57edb608863db05d,7aIfttSlLq3PMQDJqZ3KfN,28
5a905f000fc1ff3df7ca807d57edb608863db05d,7pSa0lr0z4W40u3MmjMEmV,2
5a905f000fc1ff3df7ca807d57edb608863db05d,70ak7t814PWqQofMmkfSK4,3
5a905f000fc1ff3df7ca807d57edb608863db05d,SONETOU12A58A7D903,1
5a905f000fc1ff3df7ca807d57edb608863db05d,23piohA7oK330kTwSOdP6j,9
5a905f000fc1ff3df7ca807d57edb608863db05d,1XT9ve5aJap36XXcJf3sLP,5
5a905f000fc1ff3df7ca807d57edb608863db05d,1DlPK0TCjBup0FaUz2Mxp9,3
5a905f000fc1ff3df7ca807d57edb608863db05d,4g9e5hnElJZSOoJBRLrq1I,2
5a905f000fc1ff3df7ca807d57edb608863db05d,1JmEymqQwLXvCg3sJ7gz0n,11
5a905f000fc1ff3df7ca807d57edb608863db05d,05mdnmrjimCkk6geWvhY9G,3
5a905f000fc1ff3df7ca807d57edb608863db05d,29lBnEYOz0rJKHvUnAKYaf,5
5a905f000fc1ff3df7ca807d57edb608863db05d,2C722TdzWRJNZGj0fOwShb,5
5a905f000fc1ff3df7ca807d57edb608863db05d,SONREBX12A8C142DBA,1
5a905f000fc1ff3df7ca807d57edb608863db05d,4B8vU5oDXVxO5OkLAI4aLx,1
5a905f000fc1ff3df7ca807d57edb608863db05d,5ZrCpClsWxvSjuuwXELMea,3
5a905f000fc1ff3df7ca807d57edb608863db05d,0Xjo8RQPZKp2pxxpKHTuTl,2
5a905f000fc1ff3df7ca807d57edb608863db05d,SONZLSS12AAF3B4917,1
5a905f000fc1ff3df7ca807d57edb608863db05d,6QWfvibw9OCiVI9VHpPqk3,17
5a905f000fc1ff3df7ca807d57edb608863db05d,4bSgEY5J0eeATgLirAPcjN,2
5a905f000fc1ff3df7ca807d57edb608863db05d,7IR8mo0wnjiLwjDkjA5f21,2
5a905f000fc1ff3df7ca807d57edb608863db05d,SOOLUNQ12AB01861C8,1
5a905f000fc1ff3df7ca807d57edb608863db05d,SOONKAK12A8C140357,1
5a905f000fc1ff3df7ca807d57edb608863db05d,5ATUyBX4im2FfCwV6dHxUo,2
5a905f000fc1ff3df7ca807d57edb608863db05d,3Ud8y2xVRYU2875kSK43uL,4
5a905f000fc1ff3df7ca807d57edb608863db05d,3L2oBr8CZCp6HIQUfYu4kc,10
5a905f000fc1ff3df7ca807d57edb608863db05d,6Pf82iIvS3Vm5JzFhKIVo7,2
5a905f000fc1ff3df7ca807d57edb608863db05d,1CJzOLz3J4zhXSj3MFOmD5,2
5a905f000fc1ff3df7ca807d57edb608863db05d,3a1yRFOnvVrCybWMGThMmA,2
5a905f000fc1ff3df7ca807d57edb608863db05d,2xmBCRto4xl8JetsZe5TRd,2
5a905f000fc1ff3df7ca807d57edb608863db05d,SOPBXPQ12AB01887E2,1
5a905f000fc1ff3df7ca807d57edb608863db05d,2xmBCRto4xl8JetsZe5TRd,6
5a905f000fc1ff3df7ca807d57edb608863db05d,39MyOW7oR6zsANwk6UV23p,2
5a905f000fc1ff3df7ca807d57edb608863db05d,SOPJULC12A6D4F667F,1
5a905f000fc1ff3df7ca807d57edb608863db05d,5VPovDccXsT3Sjx50ytU1H,7
5a905f000fc1ff3df7ca807d57edb608863db05d,SOPMDSY12AF72A0C6F,1
5a905f000fc1ff3df7ca807d57edb608863db05d,4uBVDI3kz480XYr3S84R3s,4
5a905f000fc1ff3df7ca807d57edb608863db05d,SOPODKB12AB01820CC,1
5a905f000fc1ff3df7ca807d57edb608863db05d,SOPOFBW12AB0187196,1
5a905f000fc1ff3df7ca807d57edb608863db05d,0F8bZXwpCuj08AjYRzkm28,4
5a905f000fc1ff3df7ca807d57edb608863db05d,7tZQ7KKB0514q8IGgTcf2u,5
5a905f000fc1ff3df7ca807d57edb608863db05d,3PicUYECM1NXJmR9prw0MF,2
5a905f000fc1ff3df7ca807d57edb608863db05d,1gUDiLgQPGCbv0xzKHpgkt,3
5a905f000fc1ff3df7ca807d57edb608863db05d,5rN2wGNSNjKxAsyjvHBC4c,2
5a905f000fc1ff3df7ca807d57edb608863db05d,0wPjoiCfbtmleKzlIGuQ0D,4
5a905f000fc1ff3df7ca807d57edb608863db05d,0hmlUYT2lmy1RfTcejgwvX,13
5a905f000fc1ff3df7ca807d57edb608863db05d,324lrF95UjHMkvxPnO8qPU,2
5a905f000fc1ff3df7ca807d57edb608863db05d,5qb9eleLHyIr7p2IBr9qCo,12
5a905f000fc1ff3df7ca807d57edb608863db05d,20BSdaBpIUvUv6PUvqJN8l,2
5a905f000fc1ff3df7ca807d57edb608863db05d,3pjC4jkvDdqZem2x8I1KyF,3
5a905f000fc1ff3df7ca807d57edb608863db05d,3IGJgzL5F2Ohj8vP2nmp04,3
5a905f000fc1ff3df7ca807d57edb608863db05d,1s9DTymg5UQrdorZf43JQm,3
5a905f000fc1ff3df7ca807d57edb608863db05d,4IPKfv5dbRdfQujHMtsPcc,2
5a905f000fc1ff3df7ca807d57edb608863db05d,44d4drNqTOl8CuH4Mfh0F7,9
5a905f000fc1ff3df7ca807d57edb608863db05d,3JnbauRAM5tvB042wbuorJ,11
5a905f000fc1ff3df7ca807d57edb608863db05d,7nTPlTJsViE2s4gCHz0TaE,2
5a905f000fc1ff3df7ca807d57edb608863db05d,6j55eHHtqMWJWw7eS6oRCp,3
5a905f000fc1ff3df7ca807d57edb608863db05d,2ZWc8GSlOIQUzzSmMAYwRL,2
5a905f000fc1ff3df7ca807d57edb608863db05d,2u7dQYuhpAygNWaSF5Rz8Y,5
5a905f000fc1ff3df7ca807d57edb608863db05d,0GLpEPBLAPOlHJdBwlYTsh,2
5a905f000fc1ff3df7ca807d57edb608863db05d,76b6nZKY6wKpyfmmLRlMUX,1
5a905f000fc1ff3df7ca807d57edb608863db05d,3ZMiAbMYFzjNJr9pJnmydZ,18
5a905f000fc1ff3df7ca807d57edb608863db05d,3gFhm655tVBNaVbhi5UmnU,2
5a905f000fc1ff3df7ca807d57edb608863db05d,1ttPzkTSpQUFcEGx8bjerL,2
5a905f000fc1ff3df7ca807d57edb608863db05d,7qaDrI1u8chhvYkJ6f29Ct,4
5a905f000fc1ff3df7ca807d57edb608863db05d,0FmrNFYyLLRtIS7XWJPLLk,19
5a905f000fc1ff3df7ca807d57edb608863db05d,6xPjbdiUqIqM3uD1B0JA1o,11
5a905f000fc1ff3df7ca807d57edb608863db05d,SOXFANL12A6310F1B5,1
5a905f000fc1ff3df7ca807d57edb608863db05d,0rAS7m1rAIYxdYbNILRjUH,7
5a905f000fc1ff3df7ca807d57edb608863db05d,7EpACeh5ooHUb0AnQ3f3Xl,1
5a905f000fc1ff3df7ca807d57edb608863db05d,4zIMuGSdbGTahvHB7CloVR,3
5a905f000fc1ff3df7ca807d57edb608863db05d,4PpyUPUOviRLYYN47DxN3M,3
5a905f000fc1ff3df7ca807d57edb608863db05d,1luVPNhyJQbG79KL7ickl3,2
5a905f000fc1ff3df7ca807d57edb608863db05d,6i2uFcXqbCxak4yP2h3vDe,2
5a905f000fc1ff3df7ca807d57edb608863db05d,6Z3qMV9E3UPSSmt1s5DKnG,2
5a905f000fc1ff3df7ca807d57edb608863db05d,24b6djSbUFQtXAdyb3FMbr,2
5a905f000fc1ff3df7ca807d57edb608863db05d,6GzPrIUIyvzccRVMVBK2Aa,16
5a905f000fc1ff3df7ca807d57edb608863db05d,1k9rwbVHqU9S2msC1fiAIi,5
5a905f000fc1ff3df7ca807d57edb608863db05d,SOYLDJC12A6701E2FF,1
5a905f000fc1ff3df7ca807d57edb608863db05d,48zQWrXgc8kkrGkK4ffSJf,5
5a905f000fc1ff3df7ca807d57edb608863db05d,5PDOBca5JH4AKt44Ew6gLO,4
5a905f000fc1ff3df7ca807d57edb608863db05d,7nc10nkSdlkFi4j2EO4BD5,3
5a905f000fc1ff3df7ca807d57edb608863db05d,3d3SXAQRNcnCDJk93LsfWg,2
5a905f000fc1ff3df7ca807d57edb608863db05d,2H5CLUmtvo2VHEeWzMtUqW,2
